INSERT INTO Position (position_name) VALUES ('Профессор'), ('Доцент'), ('Старший викладач'), ('Асистент к.н.'), ('Асистент');
INSERT INTO StateAward (award_name) VALUES ('Подяка МОН України'), ('Грамота МОН України'), ('Почесна грамота МОН України'), ('Нагрудний знак МОН України «Відмінник освіти»'), ('Нагрудний знак МОН України «Василь Сухомлинський»'), ('Нагрудний знак МОН України «За наукові та освітні досягнення»');
INSERT INTO AcademicDegree (degree_name) VALUES ('Доктор філософії'), ('Доктор наук');
INSERT INTO Subject (subject_name) VALUES ('Программування, бази даних та знань'), ('Основи ООП'), ('Бізнес-аналіз'), ('Конкурентноспроможність'), ('Хмарні обчислення'), ('Штучний інтелект'), ('Великі дані'), ('Тестування'), ('Моделювання процесів та систем'), ('Основи наукових досліджень');
INSERT INTO Department (department_name) VALUES ('Інформаційні системи та технології'), ('Кібербезпека'), ('Комп’ютерна інженерія та програмування'), ('Комп’ютерна математика і аналіз даних'), ('Управління проєктами в інформаційних технологіях');
INSERT INTO OrderType (type_name) VALUES ('Зарахування'), ('Звільнення'), ('Переведення'), ('Зміна посади');

INSERT INTO Employee (academicDegree_id, department_id, position_id, individual_tax_number) VALUES (1, 1, 4, '1234517880');
INSERT INTO Employee (academicDegree_id, department_id, position_id, individual_tax_number) VALUES (2, 1, 2, '1234564880');
INSERT INTO Employee (academicDegree_id, department_id, position_id, individual_tax_number) VALUES (2, 1, 2, '4594560080');
INSERT INTO Employee (academicDegree_id, department_id, position_id, individual_tax_number) VALUES (1, 2, 2, '3334117880');
INSERT INTO Employee (academicDegree_id, department_id, position_id, individual_tax_number) VALUES (1, 2, 3, '2244444880');
INSERT INTO Employee (academicDegree_id, department_id, position_id, individual_tax_number) VALUES (2, 3, 2, '1239197880');
INSERT INTO Employee (academicDegree_id, department_id, position_id, individual_tax_number) VALUES (1, 3, 3, '8904567880');
INSERT INTO Employee (academicDegree_id, department_id, position_id, individual_tax_number) VALUES (2, 4, 1, '3134567880');
INSERT INTO Employee (academicDegree_id, department_id, position_id, individual_tax_number) VALUES (1, 4, 2, '0234000880');
INSERT INTO Employee (academicDegree_id, department_id, position_id, individual_tax_number) VALUES (1, 5, 2, '4304733228');
INSERT INTO Employee (academicDegree_id, department_id, position_id, individual_tax_number) VALUES (2, 5, 2, '3141988947');
INSERT INTO Employee (department_id, position_id, individual_tax_number) VALUES (1, 5, '9934267820');
INSERT INTO Employee (department_id, position_id, individual_tax_number) VALUES (1, 5, '8234267110');
INSERT INTO Employee (department_id, position_id, individual_tax_number) VALUES (2, 5, '2234267330');
INSERT INTO Employee (department_id, position_id, individual_tax_number) VALUES (2, 5, '3234867220');
INSERT INTO Employee (department_id, position_id, individual_tax_number) VALUES (3, 5, '6234567880');
INSERT INTO Employee (department_id, position_id, individual_tax_number) VALUES (3, 5, '5968609860');
INSERT INTO Employee (department_id, position_id, individual_tax_number) VALUES (4, 5, '8889881393');
INSERT INTO Employee (department_id, position_id, individual_tax_number) VALUES (4, 5, '1367807994');
INSERT INTO Employee (department_id, position_id, individual_tax_number) VALUES (5, 5, '6844732260');
INSERT INTO Employee (department_id, position_id, individual_tax_number) VALUES (5, 5, '9920602663');

INSERT INTO Workbook (employee_id, workbook_number, date_of_issue, current_year_workload, years_of_teaching_experience) VALUES (1, '2625', '2000-10-02', 2010, 23);
INSERT INTO Workbook (employee_id, workbook_number, date_of_issue, current_year_workload, years_of_teaching_experience) VALUES (2, '9254', '2001-09-03', 2028, 22);
INSERT INTO Workbook (employee_id, workbook_number, date_of_issue, current_year_workload, years_of_teaching_experience) VALUES (3, '3921', '2002-08-04', 2356, 21);
INSERT INTO Workbook (employee_id, workbook_number, date_of_issue, current_year_workload, years_of_teaching_experience) VALUES (4, '7493', '2004-07-05', 1950, 19);
INSERT INTO Workbook (employee_id, workbook_number, date_of_issue, current_year_workload, years_of_teaching_experience) VALUES (5, '8743', '2002-06-06', 1970, 16);
INSERT INTO Workbook (employee_id, workbook_number, date_of_issue, current_year_workload, years_of_teaching_experience) VALUES (6, '5797', '2013-11-07', 2371, 8);
INSERT INTO Workbook (employee_id, workbook_number, date_of_issue, current_year_workload, years_of_teaching_experience) VALUES (7, '8242', '2004-12-08', 2420, 18);
INSERT INTO Workbook (employee_id, workbook_number, date_of_issue, current_year_workload, years_of_teaching_experience) VALUES (8, '3895', '2010-11-09', 2028, 12);
INSERT INTO Workbook (employee_id, workbook_number, date_of_issue, current_year_workload, years_of_teaching_experience) VALUES (9, '8195', '2011-12-02', 2455, 13);
INSERT INTO Workbook (employee_id, workbook_number, date_of_issue, current_year_workload, years_of_teaching_experience) VALUES (10, '2563', '2014-08-10', 2170, 9);
INSERT INTO Workbook (employee_id, workbook_number, date_of_issue, current_year_workload, years_of_teaching_experience) VALUES (11, '5454', '2013-07-11', 2338, 10);
INSERT INTO Workbook (employee_id, workbook_number, date_of_issue, current_year_workload, years_of_teaching_experience) VALUES (12, '4854', '2013-07-12', 1642, 6);
INSERT INTO Workbook (employee_id, workbook_number, date_of_issue, current_year_workload, years_of_teaching_experience) VALUES (13, '7854', '2018-08-14', 1735, 3);
INSERT INTO Workbook (employee_id, workbook_number, date_of_issue, current_year_workload, years_of_teaching_experience) VALUES (14, '9467', '2020-08-13', 1629, 2);
INSERT INTO Workbook (employee_id, workbook_number, date_of_issue, current_year_workload, years_of_teaching_experience) VALUES (15, '1997', '2019-06-15', 1251, 4);
INSERT INTO Workbook (employee_id, workbook_number, date_of_issue, current_year_workload, years_of_teaching_experience) VALUES (16, '7624', '2018-05-16', 1740, 3);
INSERT INTO Workbook (employee_id, workbook_number, date_of_issue, current_year_workload, years_of_teaching_experience) VALUES (17, '2366', '2018-01-17', 1760, 2);
INSERT INTO Workbook (employee_id, workbook_number, date_of_issue, current_year_workload, years_of_teaching_experience) VALUES (18, '9183', '2017-11-18', 1404, 3);
INSERT INTO Workbook (employee_id, workbook_number, date_of_issue, current_year_workload, years_of_teaching_experience) VALUES (19, '3081', '2019-12-22', 1760, 2);
INSERT INTO Workbook (employee_id, workbook_number, date_of_issue, current_year_workload, years_of_teaching_experience) VALUES (20, '7005', '2017-11-21', 1131, 1);
INSERT INTO Workbook (employee_id, workbook_number, date_of_issue, current_year_workload, years_of_teaching_experience) VALUES (21, '6970', '2016-12-20', 1760, 7);

INSERT INTO TransferOrder (workbook_id, orderType_id, from_department_id, to_department_id, order_number, order_date) VALUES (10, 3, 2, 5, '1211', '2023-08-22');
INSERT INTO TransferOrder (workbook_id, orderType_id, from_department_id, to_department_id, order_number, order_date) VALUES (12, 3, 3, 1, '1096', '2020-02-11');
INSERT INTO TransferOrder (workbook_id, orderType_id, to_department_id, order_number, order_date) VALUES (2, 1, 1, '9674', '2024-02-15');
INSERT INTO TransferOrder (workbook_id, orderType_id, to_department_id, order_number, order_date) VALUES (8, 3, 4, '8327', '2023-09-02');
INSERT INTO TransferOrder (workbook_id, orderType_id, to_department_id, order_number, order_date) VALUES (4, 2, 2, '0705', '2023-07-08');

INSERT INTO PassportData (employee_id, full_name, passport_number, authority, date_of_birth) VALUES (1, 'Володимир Валентинович Пономарчук', '510722956', '1582', '1980-01-10');
INSERT INTO PassportData (employee_id, full_name, passport_number, authority, date_of_birth) VALUES (2, 'Руслан Середа Валентинович', '473011375', '8446', '1979-02-19');
INSERT INTO PassportData (employee_id, full_name, passport_number, authority, date_of_birth) VALUES (3, 'Лариса Кравченко Анатоліївна', '528886727', '3867', '1978-01-26');
INSERT INTO PassportData (employee_id, full_name, passport_number, authority, date_of_birth) VALUES (4, 'Марія Борисівна Романченко', '980323132', '5311', '1982-05-21');
INSERT INTO PassportData (employee_id, full_name, passport_number, authority, date_of_birth) VALUES (5, 'Сергієнко Йосип Сергійович', '339339280', '8126', '1976-03-13');
INSERT INTO PassportData (employee_id, full_name, passport_number, authority, date_of_birth) VALUES (6, 'Інна Романівна Антоненко', '149475135', '8364', '1992-01-19');
INSERT INTO PassportData (employee_id, full_name, passport_number, authority, date_of_birth) VALUES (7, 'Антон Петрович Мельниченко', '320604122', '8364', '1979-05-01');
INSERT INTO PassportData (employee_id, full_name, passport_number, authority, date_of_birth) VALUES (8, 'Назар Федорович Панасюк', '599385985', '4494', '1980-01-05');
INSERT INTO PassportData (employee_id, full_name, passport_number, authority, date_of_birth) VALUES (9, 'Микола Володимирович Сергієнко', '587993515', '4494', '1986-11-09');
INSERT INTO PassportData (employee_id, full_name, passport_number, authority, date_of_birth) VALUES (10, 'Валерій Янович Шевченко', '856336897', '1582', '1991-03-12');
INSERT INTO PassportData (employee_id, full_name, passport_number, authority, date_of_birth) VALUES (11, 'Леонід Васильович Крамарчук', '258705496', '1582', '1990-06-23');
INSERT INTO PassportData (employee_id, full_name, passport_number, authority, date_of_birth) VALUES (12, 'Данил Валентинович Петренко', '875967375', '4494', '1993-01-17');
INSERT INTO PassportData (employee_id, full_name, passport_number, authority, date_of_birth) VALUES (13, 'Валерія Федорівна Кравчукк', '526508753', '1582', '1997-04-16');
INSERT INTO PassportData (employee_id, full_name, passport_number, authority, date_of_birth) VALUES (14, 'Артур Андрійович Броварчук', '761364383', '8753', '1995-07-14');
INSERT INTO PassportData (employee_id, full_name, passport_number, authority, date_of_birth) VALUES (15, 'Раїса Михайлівна Іванченко', '172263626', '2515', '1991-11-13');
INSERT INTO PassportData (employee_id, full_name, passport_number, authority, date_of_birth) VALUES (16, 'Вікторія Іванівна Лисенко', '145736775', '3170', '1988-12-15');
INSERT INTO PassportData (employee_id, full_name, passport_number, authority, date_of_birth) VALUES (17, 'Мирослав Миколайович Шинкаренко', '946448936', '8056', '1989-02-20');
INSERT INTO PassportData (employee_id, full_name, passport_number, authority, date_of_birth) VALUES (18, 'Софія Михайлівна Васильєв', '100762282', '1582', '1992-03-23');
INSERT INTO PassportData (employee_id, full_name, passport_number, authority, date_of_birth) VALUES (19, 'Адам Тарасович Шинкаренко', '993802708', '6809', '1995-06-26');
INSERT INTO PassportData (employee_id, full_name, passport_number, authority, date_of_birth) VALUES (20, 'Валерія Борисівна Васильчук', '338604780', '1582', '1993-08-21');
INSERT INTO PassportData (employee_id, full_name, passport_number, authority, date_of_birth) VALUES (21, 'Леонід Борисович Шевченко', '776755290', '6343', '1994-04-01');

INSERT INTO Vacation (employee_id, starting_date, end_date) VALUES (2, '2024-09-15', '2024-10-15');
INSERT INTO Vacation (employee_id, starting_date, end_date) VALUES (3, '2024-01-12', '2024-02-12');
INSERT INTO Vacation (employee_id, starting_date, end_date) VALUES (4, '2024-02-19', '2024-03-19');
INSERT INTO Vacation (employee_id, starting_date, end_date) VALUES (6, '2024-02-20', '2024-03-20');
INSERT INTO Vacation (employee_id, starting_date, end_date) VALUES (7, '2024-04-05', '2024-04-05');
INSERT INTO Vacation (employee_id, starting_date, end_date) VALUES (10, '2024-07-08', '2024-08-08');
INSERT INTO Vacation (employee_id, starting_date, end_date) VALUES (12, '2024-09-07', '2024-10-07');
INSERT INTO Vacation (employee_id, starting_date, end_date) VALUES (14, '2024-11-26', '2024-12-26');

INSERT INTO Contract (employee_id, signing_date, end_date) VALUES (1, '2023-08-21', '2024-07-01');
INSERT INTO Contract (employee_id, signing_date, end_date) VALUES (2, '2023-08-20', '2024-07-01');
INSERT INTO Contract (employee_id, signing_date, end_date) VALUES (3, '2023-08-17', '2025-07-01');
INSERT INTO Contract (employee_id, signing_date, end_date) VALUES (4, '2023-01-21', '2025-01-01');
INSERT INTO Contract (employee_id, signing_date, end_date) VALUES (5, '2023-08-19', '2025-07-01');
INSERT INTO Contract (employee_id, signing_date, end_date) VALUES (6, '2023-08-20', '2026-07-01');
INSERT INTO Contract (employee_id, signing_date, end_date) VALUES (7, '2023-08-21', '2027-07-01');
INSERT INTO Contract (employee_id, signing_date, end_date) VALUES (8, '2023-08-22', '2026-07-01');
INSERT INTO Contract (employee_id, signing_date, end_date) VALUES (9, '2023-08-28', '2025-07-01');
INSERT INTO Contract (employee_id, signing_date, end_date) VALUES (10, '2023-08-21', '2027-07-01');
INSERT INTO Contract (employee_id, signing_date, end_date) VALUES (11, '2023-01-11', '2026-01-01');
INSERT INTO Contract (employee_id, signing_date, end_date) VALUES (12, '2023-08-19', '2027-07-01');
INSERT INTO Contract (employee_id, signing_date, end_date) VALUES (13, '2023-08-20', '2025-07-01');
INSERT INTO Contract (employee_id, signing_date, end_date) VALUES (14, '2023-08-25', '2025-07-01');
INSERT INTO Contract (employee_id, signing_date, end_date) VALUES (15, '2023-08-27', '2024-07-01');
INSERT INTO Contract (employee_id, signing_date, end_date) VALUES (16, '2023-08-28', '2024-07-01');
INSERT INTO Contract (employee_id, signing_date, end_date) VALUES (17, '2023-01-09', '2025-01-01');
INSERT INTO Contract (employee_id, signing_date, end_date) VALUES (18, '2023-08-24', '2024-07-01');
INSERT INTO Contract (employee_id, signing_date, end_date) VALUES (19, '2023-01-12', '2025-01-01');
INSERT INTO Contract (employee_id, signing_date, end_date) VALUES (20, '2023-01-08', '2025-01-01');
INSERT INTO Contract (employee_id, signing_date, end_date) VALUES (21, '2023-08-25', '2025-01-01');

INSERT INTO Employee_StateAwards(employee_id, stateAward_id) VALUES (1, 5);
INSERT INTO Employee_StateAwards(employee_id, stateAward_id) VALUES (3, 3);
INSERT INTO Employee_StateAwards(employee_id, stateAward_id) VALUES (4, 2);
INSERT INTO Employee_StateAwards(employee_id, stateAward_id) VALUES (6, 1);
INSERT INTO Employee_StateAwards(employee_id, stateAward_id) VALUES (7, 1);
INSERT INTO Employee_StateAwards(employee_id, stateAward_id) VALUES (8, 2);
INSERT INTO Employee_StateAwards(employee_id, stateAward_id) VALUES (9, 1);

INSERT INTO Employee_Subject(employee_id, subject_id) VALUES (1, 1);
INSERT INTO Employee_Subject(employee_id, subject_id) VALUES (1, 3);
INSERT INTO Employee_Subject(employee_id, subject_id) VALUES (2, 5);
INSERT INTO Employee_Subject(employee_id, subject_id) VALUES (2, 8);
INSERT INTO Employee_Subject(employee_id, subject_id) VALUES (2, 7);
INSERT INTO Employee_Subject(employee_id, subject_id) VALUES (3, 6);
INSERT INTO Employee_Subject(employee_id, subject_id) VALUES (3, 5);
INSERT INTO Employee_Subject(employee_id, subject_id) VALUES (4, 4);
INSERT INTO Employee_Subject(employee_id, subject_id) VALUES (5, 3);
INSERT INTO Employee_Subject(employee_id, subject_id) VALUES (6, 2);
INSERT INTO Employee_Subject(employee_id, subject_id) VALUES (6, 1);
INSERT INTO Employee_Subject(employee_id, subject_id) VALUES (7, 2);
INSERT INTO Employee_Subject(employee_id, subject_id) VALUES (7, 3);
INSERT INTO Employee_Subject(employee_id, subject_id) VALUES (8, 4);
INSERT INTO Employee_Subject(employee_id, subject_id) VALUES (8, 5);
INSERT INTO Employee_Subject(employee_id, subject_id) VALUES (9, 6);
INSERT INTO Employee_Subject(employee_id, subject_id) VALUES (9, 7);
INSERT INTO Employee_Subject(employee_id, subject_id) VALUES (10, 8);
INSERT INTO Employee_Subject(employee_id, subject_id) VALUES (10, 9);
INSERT INTO Employee_Subject(employee_id, subject_id) VALUES (11, 10);
INSERT INTO Employee_Subject(employee_id, subject_id) VALUES (11, 9);
INSERT INTO Employee_Subject(employee_id, subject_id) VALUES (12, 8);
INSERT INTO Employee_Subject(employee_id, subject_id) VALUES (13, 7);
INSERT INTO Employee_Subject(employee_id, subject_id) VALUES (14, 6);
INSERT INTO Employee_Subject(employee_id, subject_id) VALUES (14, 5);
INSERT INTO Employee_Subject(employee_id, subject_id) VALUES (15, 4);
INSERT INTO Employee_Subject(employee_id, subject_id) VALUES (15, 3);
INSERT INTO Employee_Subject(employee_id, subject_id) VALUES (16, 2);
INSERT INTO Employee_Subject(employee_id, subject_id) VALUES (16, 1);
INSERT INTO Employee_Subject(employee_id, subject_id) VALUES (17, 2);
INSERT INTO Employee_Subject(employee_id, subject_id) VALUES (18, 3);
INSERT INTO Employee_Subject(employee_id, subject_id) VALUES (19, 4);
INSERT INTO Employee_Subject(employee_id, subject_id) VALUES (19, 5);
INSERT INTO Employee_Subject(employee_id, subject_id) VALUES (20, 6);
INSERT INTO Employee_Subject(employee_id, subject_id) VALUES (20, 7);
INSERT INTO Employee_Subject(employee_id, subject_id) VALUES (21, 8);
INSERT INTO Employee_Subject(employee_id, subject_id) VALUES (21, 9);



